# Copyright (C) 1991-2010 Altera Corporation
# Your use of Altera Corporation's design tools, logic functions 
# and other software and tools, and its AMPP partner logic 
# functions, and any output files from any of the foregoing 
# (including device programming or simulation files), and any 
# associated documentation or information are expressly subject 
# to the terms and conditions of the Altera Program License 
# Subscription Agreement, Altera MegaCore Function License 
# Agreement, or other applicable license agreement, including, 
# without limitation, that your use is for the sole purpose of 
# programming logic devices manufactured by Altera and sold by 
# Altera or its authorized distributors.  Please refer to the 
# applicable agreement for further details.

# Quartus II Version 9.1 Build 304 01/25/2010 Service Pack 1 SJ Web Edition
# File: C:\Windows.olddata\Users\teste\Documents\Quartus\VGA_test\pin_assignment.csv
# Generated on: Fri Mar 26 16:31:31 2010

# Note: The column header names should not be changed if you wish to import this .csv file into the Quartus II software.

To,Direction,Location,I/O Bank,VREF Group,I/O Standard,Reserved,Group
blue[3],Output,PIN_B10,3,B3_N0,,,blue[3..0]
blue[2],Output,PIN_A10,3,B3_N0,,,blue[3..0]
blue[1],Output,PIN_D11,3,B3_N0,,,blue[3..0]
blue[0],Output,PIN_A9,3,B3_N0,,,blue[3..0]
clk27M,Input,PIN_D12,3,B3_N0,,,
green[3],Output,PIN_A8,3,B3_N0,,,green[3..0]
green[2],Output,PIN_B9,3,B3_N0,,,green[3..0]
green[1],Output,PIN_C10,3,B3_N0,,,green[3..0]
green[0],Output,PIN_B8,3,B3_N0,,,green[3..0]
hsync,Output,PIN_A11,3,B3_N0,,,
red[3],Output,PIN_B7,3,B3_N1,,,red[3..0]
red[2],Output,PIN_A7,3,B3_N1,,,red[3..0]
red[1],Output,PIN_C9,3,B3_N1,,,red[3..0]
red[0],Output,PIN_D9,3,B3_N0,,,red[3..0]
reset_button,Input,PIN_R22,6,B6_N0,,,
vsync,Output,PIN_B11,3,B3_N0,,,
,Unknown,PIN_F5,,,,,
,Unknown,PIN_E5,,,,,
,Unknown,PIN_F6,,,,,
,Unknown,PIN_C4,2,B2_N0,,,
,Unknown,PIN_C3,2,B2_N0,,,
,Unknown,PIN_D3,2,B2_N0,,,
,Unknown,PIN_D4,2,B2_N0,,,
,Unknown,PIN_D5,2,B2_N0,,,
,Unknown,PIN_D6,2,B2_N0,,,
,Unknown,PIN_E3,2,B2_N0,,,
,Unknown,PIN_E4,2,B2_N0,,,
,Unknown,PIN_C1,2,B2_N0,,,
,Unknown,PIN_C2,2,B2_N0,,,
,Unknown,PIN_F4,2,B2_N0,,,
,Unknown,PIN_G6,2,B2_N0,,,
,Unknown,PIN_G5,2,B2_N0,,,
,Unknown,PIN_F3,2,B2_N0,,,
,Unknown,PIN_D1,2,B2_N0,,,
,Unknown,PIN_D2,2,B2_N0,,,
,Unknown,PIN_G3,2,B2_N0,,,
,Unknown,PIN_H4,2,B2_N0,,,
,Unknown,PIN_H5,2,B2_N0,,,
,Unknown,PIN_H6,2,B2_N0,,,
,Unknown,PIN_E1,2,B2_N1,,,
,Unknown,PIN_E2,2,B2_N1,,,
,Unknown,PIN_F1,2,B2_N1,,,
,Unknown,PIN_F2,2,B2_N1,,,
,Unknown,PIN_H1,2,B2_N1,,,
,Unknown,PIN_H2,2,B2_N1,,,
,Unknown,PIN_L8,2,B2_N1,,,
,Unknown,PIN_H3,2,B2_N1,,,
,Unknown,PIN_J4,2,B2_N1,,,
,Unknown,PIN_J1,2,B2_N1,,,
,Unknown,PIN_J2,2,B2_N1,,,
,Unknown,PIN_K5,2,B2_N1,,,
,Unknown,PIN_K2,2,B2_N1,,,
,Unknown,PIN_K6,2,B2_N1,,,
,Unknown,PIN_L5,2,B2_N1,,,
,Unknown,PIN_L6,2,B2_N1,,,
,Unknown,PIN_K4,2,B2_N1,,,
,Unknown,PIN_K1,2,B2_N1,,,
,Unknown,PIN_L1,2,B2_N1,,,
,Unknown,PIN_L2,2,B2_N1,,,
,Unknown,PIN_L4,2,B2_N1,,,
,Unknown,PIN_M1,1,B1_N0,,,
,Unknown,PIN_M2,1,B1_N0,,,
,Unknown,PIN_M5,1,B1_N0,,,
,Unknown,PIN_M6,1,B1_N0,,,
,Unknown,PIN_N1,1,B1_N0,,,
,Unknown,PIN_N2,1,B1_N0,,,
,Unknown,PIN_P1,1,B1_N0,,,
,Unknown,PIN_P2,1,B1_N0,,,
,Unknown,PIN_N6,1,B1_N0,,,
,Unknown,PIN_P3,1,B1_N0,,,
,Unknown,PIN_N3,1,B1_N0,,,
,Unknown,PIN_N4,1,B1_N0,,,
,Unknown,PIN_R8,1,B1_N0,,,
,Unknown,PIN_R7,1,B1_N0,,,
,Unknown,PIN_P5,1,B1_N0,,,
,Unknown,PIN_P6,1,B1_N0,,,
,Unknown,PIN_R1,1,B1_N0,,,
,Unknown,PIN_R2,1,B1_N0,,,
,Unknown,PIN_T1,1,B1_N0,,,
,Unknown,PIN_T2,1,B1_N0,,,
,Unknown,PIN_U1,1,B1_N1,,,
,Unknown,PIN_U2,1,B1_N1,,,
,Unknown,PIN_R5,1,B1_N1,,,
,Unknown,PIN_R6,1,B1_N1,,,
,Unknown,PIN_V1,1,B1_N1,,,
,Unknown,PIN_V2,1,B1_N1,,,
,Unknown,PIN_T5,1,B1_N1,,,
,Unknown,PIN_T6,1,B1_N1,,,
,Unknown,PIN_T3,1,B1_N1,,,
,Unknown,PIN_U3,1,B1_N1,,,
,Unknown,PIN_W1,1,B1_N1,,,
,Unknown,PIN_W2,1,B1_N1,,,
,Unknown,PIN_Y1,1,B1_N1,,,
,Unknown,PIN_Y2,1,B1_N1,,,
,Unknown,PIN_W3,1,B1_N1,,,
,Unknown,PIN_W4,1,B1_N1,,,
,Unknown,PIN_Y3,1,B1_N1,,,
,Unknown,PIN_Y4,1,B1_N1,,,
,Unknown,PIN_W5,1,B1_N1,,,
,Unknown,PIN_U4,1,B1_N1,,,
,Unknown,PIN_V4,1,B1_N1,,,
,Unknown,PIN_U5,,,,,
,Unknown,PIN_U6,,,,,
,Unknown,PIN_V5,,,,,
,Unknown,PIN_U7,,,,,
,Unknown,PIN_V7,,,,,
,Unknown,PIN_AA3,8,B8_N1,,,
,Unknown,PIN_AB3,,,,,
,Unknown,PIN_AB4,8,B8_N1,,,
,Unknown,PIN_AA4,8,B8_N1,,,
,Unknown,PIN_Y5,8,B8_N1,,,
,Unknown,PIN_Y6,,,,,
,Unknown,PIN_AB5,8,B8_N1,,,
,Unknown,PIN_AA5,8,B8_N1,,,
,Unknown,PIN_T8,8,B8_N1,,,
,Unknown,PIN_T7,8,B8_N1,,,
,Unknown,PIN_U8,8,B8_N1,,,
,Unknown,PIN_Y7,8,B8_N1,,,
,Unknown,PIN_P9,8,B8_N1,,,
,Unknown,PIN_P8,8,B8_N1,,,
,Unknown,PIN_AB6,8,B8_N1,,,
,Unknown,PIN_AA6,8,B8_N1,,,
,Unknown,PIN_V8,8,B8_N1,,,
,Unknown,PIN_W7,8,B8_N1,,,
,Unknown,PIN_W8,8,B8_N1,,,
,Unknown,PIN_V9,8,B8_N1,,,
,Unknown,PIN_AB7,8,B8_N1,,,
,Unknown,PIN_AA7,8,B8_N1,,,
,Unknown,PIN_Y9,8,B8_N0,,,
,Unknown,PIN_W9,8,B8_N0,,,
,Unknown,PIN_U9,8,B8_N0,,,
,Unknown,PIN_U10,8,B8_N0,,,
,Unknown,PIN_R10,8,B8_N0,,,
,Unknown,PIN_R9,8,B8_N0,,,
,Unknown,PIN_AB8,8,B8_N0,,,
,Unknown,PIN_AA8,8,B8_N0,,,
,Unknown,PIN_Y10,8,B8_N0,,,
,Unknown,PIN_AB9,8,B8_N0,,,
,Unknown,PIN_AA9,8,B8_N0,,,
,Unknown,PIN_T11,8,B8_N0,,,
,Unknown,PIN_R11,8,B8_N0,,,
,Unknown,PIN_W11,8,B8_N0,,,
,Unknown,PIN_V11,8,B8_N0,,,
,Unknown,PIN_AB10,8,B8_N0,,,
,Unknown,PIN_AA10,8,B8_N0,,,
,Unknown,PIN_AB11,8,B8_N0,,,
,Unknown,PIN_AA11,8,B8_N0,,,
,Unknown,PIN_U11,8,B8_N0,,,
,Unknown,PIN_U12,8,B8_N0,,,
,Unknown,PIN_W12,7,B7_N1,,,
,Unknown,PIN_V12,7,B7_N1,,,
,Unknown,PIN_AB12,7,B7_N1,,,
,Unknown,PIN_AA12,7,B7_N1,,,
,Unknown,PIN_AB13,7,B7_N1,,,
,Unknown,PIN_AA13,7,B7_N1,,,
,Unknown,PIN_T12,7,B7_N1,,,
,Unknown,PIN_U13,7,B7_N1,,,
,Unknown,PIN_Y13,7,B7_N1,,,
,Unknown,PIN_R12,7,B7_N1,,,
,Unknown,PIN_AB14,7,B7_N1,,,
,Unknown,PIN_AA14,7,B7_N1,,,
,Unknown,PIN_AB15,7,B7_N1,,,
,Unknown,PIN_AA15,7,B7_N1,,,
,Unknown,PIN_AB16,7,B7_N1,,,
,Unknown,PIN_AA16,7,B7_N1,,,
,Unknown,PIN_W14,7,B7_N1,,,
,Unknown,PIN_V14,7,B7_N1,,,
,Unknown,PIN_AB17,7,B7_N1,,,
,Unknown,PIN_AA17,7,B7_N1,,,
,Unknown,PIN_R13,7,B7_N0,,,
,Unknown,PIN_U14,7,B7_N0,,,
,Unknown,PIN_T15,7,B7_N0,,,
,Unknown,PIN_Y14,7,B7_N0,,,
,Unknown,PIN_W15,7,B7_N0,,,
,Unknown,PIN_R14,7,B7_N0,,,
,Unknown,PIN_R15,7,B7_N0,,,
,Unknown,PIN_AB18,7,B7_N0,,,
,Unknown,PIN_AA18,7,B7_N0,,,
,Unknown,PIN_Y16,7,B7_N0,,,
,Unknown,PIN_R16,7,B7_N0,,,
,Unknown,PIN_T16,7,B7_N0,,,
,Unknown,PIN_U15,7,B7_N0,,,
,Unknown,PIN_V15,7,B7_N0,,,
,Unknown,PIN_Y17,7,B7_N0,,,
,Unknown,PIN_W16,7,B7_N0,,,
,Unknown,PIN_AB19,7,B7_N0,,,
,Unknown,PIN_AA19,7,B7_N0,,,
,Unknown,PIN_AB20,7,B7_N0,,,
,Unknown,PIN_AA20,7,B7_N0,,,
,Unknown,PIN_V16,,,,,
,Unknown,PIN_U16,,,,,
,Unknown,PIN_V18,,,,,
,Unknown,PIN_U17,,,,,
,Unknown,PIN_T17,,,,,
,Unknown,PIN_Y18,6,B6_N1,,,
,Unknown,PIN_V19,6,B6_N1,,,
,Unknown,PIN_W20,6,B6_N1,,,
,Unknown,PIN_Y19,6,B6_N1,,,
,Unknown,PIN_Y20,6,B6_N1,,,
,Unknown,PIN_U18,6,B6_N1,,,
,Unknown,PIN_T18,6,B6_N1,,,
,Unknown,PIN_U19,6,B6_N1,,,
,Unknown,PIN_V20,6,B6_N1,,,
,Unknown,PIN_W21,6,B6_N1,,,
,Unknown,PIN_W22,6,B6_N1,,,
,Unknown,PIN_U20,6,B6_N1,,,
,Unknown,PIN_R17,6,B6_N1,,,
,Unknown,PIN_Y21,6,B6_N1,,,
,Unknown,PIN_Y22,6,B6_N1,,,
,Unknown,PIN_V21,6,B6_N1,,,
,Unknown,PIN_V22,6,B6_N1,,,
,Unknown,PIN_U21,6,B6_N1,,,
,Unknown,PIN_U22,6,B6_N1,,,
,Unknown,PIN_R18,6,B6_N0,,,
,Unknown,PIN_R19,6,B6_N0,,,
,Unknown,PIN_P17,6,B6_N0,,,
,Unknown,PIN_P18,6,B6_N0,,,
,Unknown,PIN_T21,6,B6_N0,,,
,Unknown,PIN_T22,6,B6_N0,,,
,Unknown,PIN_R21,6,B6_N0,,,
,Unknown,PIN_R20,6,B6_N0,,,
,Unknown,PIN_P15,6,B6_N0,,,
,Unknown,PIN_N15,6,B6_N0,,,
,Unknown,PIN_N20,6,B6_N0,,,
,Unknown,PIN_N18,6,B6_N0,,,
,Unknown,PIN_N17,6,B6_N0,,,
,Unknown,PIN_M17,6,B6_N0,,,
,Unknown,PIN_N21,6,B6_N0,,,
,Unknown,PIN_N22,6,B6_N0,,,
,Unknown,PIN_M19,6,B6_N0,,,
,Unknown,PIN_M18,6,B6_N0,,,
,Unknown,PIN_M21,6,B6_N0,,,
,Unknown,PIN_M22,6,B6_N0,,,
,Unknown,PIN_L21,5,B5_N1,,,
,Unknown,PIN_L22,5,B5_N1,,,
,Unknown,PIN_L19,5,B5_N1,,,
,Unknown,PIN_L18,5,B5_N1,,,
,Unknown,PIN_K21,5,B5_N1,,,
,Unknown,PIN_K22,5,B5_N1,,,
,Unknown,PIN_J21,5,B5_N1,,,
,Unknown,PIN_J22,5,B5_N1,,,
,Unknown,PIN_J20,5,B5_N1,,,
,Unknown,PIN_H19,5,B5_N1,,,
,Unknown,PIN_K20,5,B5_N1,,,
,Unknown,PIN_J19,5,B5_N1,,,
,Unknown,PIN_J18,5,B5_N1,,,
,Unknown,PIN_J17,5,B5_N1,,,
,Unknown,PIN_H16,5,B5_N1,,,
,Unknown,PIN_J15,5,B5_N1,,,
,Unknown,PIN_G21,5,B5_N1,,,
,Unknown,PIN_G22,5,B5_N1,,,
,Unknown,PIN_F21,5,B5_N0,,,
,Unknown,PIN_F22,5,B5_N0,,,
,Unknown,PIN_H18,5,B5_N0,,,
,Unknown,PIN_H17,5,B5_N0,,,
,Unknown,PIN_E21,5,B5_N0,,,
,Unknown,PIN_E22,5,B5_N0,,,
,Unknown,PIN_D21,5,B5_N0,,,
,Unknown,PIN_D22,5,B5_N0,,,
,Unknown,PIN_G17,5,B5_N0,,,
,Unknown,PIN_G18,5,B5_N0,,,
,Unknown,PIN_G20,5,B5_N0,,,
,Unknown,PIN_E20,5,B5_N0,,,
,Unknown,PIN_F20,5,B5_N0,,,
,Unknown,PIN_C21,5,B5_N0,,,
,Unknown,PIN_C22,5,B5_N0,,,
,Unknown,PIN_C19,5,B5_N0,,,
,Unknown,PIN_C20,5,B5_N0,,,
,Unknown,PIN_D19,5,B5_N0,,,
,Unknown,PIN_D20,5,B5_N0,,,
,Unknown,PIN_E19,5,B5_N0,,,
,Unknown,PIN_E18,5,B5_N0,,,
,Unknown,PIN_F18,,,,,
,Unknown,PIN_F17,,,,,
,Unknown,PIN_E17,,,,,
,Unknown,PIN_F16,,,,,
,Unknown,PIN_E16,,,,,
,Unknown,PIN_C18,4,B4_N0,,,
,Unknown,PIN_C17,4,B4_N0,,,
,Unknown,PIN_B20,4,B4_N0,,,
,Unknown,PIN_A20,4,B4_N0,,,
,Unknown,PIN_B19,4,B4_N0,,,
,Unknown,PIN_A19,4,B4_N0,,,
,Unknown,PIN_B18,4,B4_N0,,,
,Unknown,PIN_A18,4,B4_N0,,,
,Unknown,PIN_G16,4,B4_N0,,,
,Unknown,PIN_H15,4,B4_N0,,,
,Unknown,PIN_C16,4,B4_N0,,,
,Unknown,PIN_D16,4,B4_N0,,,
,Unknown,PIN_E15,4,B4_N0,,,
,Unknown,PIN_H14,4,B4_N0,,,
,Unknown,PIN_J14,4,B4_N0,,,
,Unknown,PIN_D15,4,B4_N0,,,
,Unknown,PIN_C14,4,B4_N0,,,
,Unknown,PIN_G15,4,B4_N0,,,
,Unknown,PIN_F15,4,B4_N0,,,
,Unknown,PIN_H13,4,B4_N1,,,
,Unknown,PIN_B17,4,B4_N1,,,
,Unknown,PIN_A17,4,B4_N1,,,
,Unknown,PIN_E14,4,B4_N1,,,
,Unknown,PIN_D14,4,B4_N1,,,
,Unknown,PIN_F14,4,B4_N1,,,
,Unknown,PIN_F13,4,B4_N1,,,
,Unknown,PIN_B16,4,B4_N1,,,
,Unknown,PIN_A16,4,B4_N1,,,
,Unknown,PIN_B15,4,B4_N1,,,
,Unknown,PIN_A15,4,B4_N1,,,
,Unknown,PIN_H12,4,B4_N1,,,
,Unknown,PIN_C13,4,B4_N1,,,
,Unknown,PIN_F12,4,B4_N1,,,
,Unknown,PIN_G12,4,B4_N1,,,
,Unknown,PIN_B14,4,B4_N1,,,
,Unknown,PIN_A14,4,B4_N1,,,
,Unknown,PIN_B13,,,,,
,Unknown,PIN_A13,4,B4_N1,,,
,Unknown,PIN_B12,4,B4_N1,,,
,Unknown,PIN_A12,4,B4_N1,,,
,Unknown,PIN_E12,3,B3_N0,,,
,Unknown,PIN_E11,3,B3_N0,,,
,Unknown,PIN_H11,3,B3_N0,,,
,Unknown,PIN_G11,3,B3_N0,,,
,Unknown,PIN_F11,3,B3_N0,,,
,Unknown,PIN_F10,3,B3_N0,,,
,Unknown,PIN_H10,3,B3_N0,,,
,Unknown,PIN_H9,3,B3_N0,,,
,Unknown,PIN_E9,3,B3_N0,,,
,Unknown,PIN_F9,3,B3_N1,,,
,Unknown,PIN_E8,3,B3_N1,,,
,Unknown,PIN_D8,3,B3_N1,,,
,Unknown,PIN_D7,3,B3_N1,,,
,Unknown,PIN_F8,3,B3_N1,,,
,Unknown,PIN_G8,3,B3_N1,,,
,Unknown,PIN_H8,3,B3_N1,,,
,Unknown,PIN_C7,3,B3_N1,,,
,Unknown,PIN_E7,3,B3_N1,,,
,Unknown,PIN_G7,3,B3_N1,,,
,Unknown,PIN_H7,3,B3_N1,,,
,Unknown,PIN_B6,3,B3_N1,,,
,Unknown,PIN_A6,3,B3_N1,,,
,Unknown,PIN_B5,3,B3_N1,,,
,Unknown,PIN_A5,3,B3_N1,,,
,Unknown,PIN_B4,3,B3_N1,,,
,Unknown,PIN_A4,3,B3_N1,,,
,Unknown,PIN_A3,3,B3_N1,,,
,Unknown,PIN_B3,3,B3_N1,,,
,Unknown,PIN_F7,,,,,
,Unknown,PIN_E6,,,,,
,Unknown,PIN_J10,,,,,
,Unknown,PIN_J11,,,,,
,Unknown,PIN_J12,,,,,
,Unknown,PIN_J13,,,,,
,Unknown,PIN_K9,,,,,
,Unknown,PIN_K14,,,,,
,Unknown,PIN_L9,,,,,
,Unknown,PIN_L14,,,,,
,Unknown,PIN_M9,,,,,
,Unknown,PIN_M14,,,,,
,Unknown,PIN_N9,,,,,
,Unknown,PIN_N14,,,,,
,Unknown,PIN_P10,,,,,
,Unknown,PIN_P11,,,,,
,Unknown,PIN_P12,,,,,
,Unknown,PIN_P13,,,,,
,Unknown,PIN_B1,2,,,,
,Unknown,PIN_J7,2,,,,
,Unknown,PIN_L3,2,,,,
,Unknown,PIN_AA1,1,,,,
,Unknown,PIN_M3,1,,,,
,Unknown,PIN_P7,1,,,,
,Unknown,PIN_T4,1,,,,
,Unknown,PIN_AB2,8,,,,
,Unknown,PIN_T9,8,,,,
,Unknown,PIN_V10,8,,,,
,Unknown,PIN_W6,8,,,,
,Unknown,PIN_Y11,8,,,,
,Unknown,PIN_AB21,7,,,,
,Unknown,PIN_T14,7,,,,
,Unknown,PIN_V13,7,,,,
,Unknown,PIN_W17,7,,,,
,Unknown,PIN_Y12,,,,,
,Unknown,PIN_AA22,6,,,,
,Unknown,PIN_M20,6,,,,
,Unknown,PIN_P16,,,,,
,Unknown,PIN_T19,,,,,
,Unknown,PIN_B22,5,,,,
,Unknown,PIN_G19,5,,,,
,Unknown,PIN_J16,,,,,
,Unknown,PIN_L20,5,,,,
,Unknown,PIN_A21,4,,,,
,Unknown,PIN_C12,,,,,
,Unknown,PIN_D17,4,,,,
,Unknown,PIN_E13,4,,,,
,Unknown,PIN_G14,,,,,
,Unknown,PIN_A2,,,,,
,Unknown,PIN_C6,3,,,,
,Unknown,PIN_C11,3,,,,
,Unknown,PIN_E10,,,,,
,Unknown,PIN_G9,,,,,
,Unknown,PIN_K10,,,,,
,Unknown,PIN_K11,,,,,
,Unknown,PIN_K12,,,,,
,Unknown,PIN_K13,,,,,
,Unknown,PIN_L10,,,,,
,Unknown,PIN_L11,,,,,
,Unknown,PIN_L12,,,,,
,Unknown,PIN_L13,,,,,
,Unknown,PIN_M10,,,,,
,Unknown,PIN_M11,,,,,
,Unknown,PIN_M12,,,,,
,Unknown,PIN_M13,,,,,
,Unknown,PIN_N10,,,,,
,Unknown,PIN_N11,,,,,
,Unknown,PIN_N12,,,,,
,Unknown,PIN_N13,,,,,
,Unknown,PIN_A1,,,,,
,Unknown,PIN_A22,,,,,
,Unknown,PIN_AA2,,,,,
,Unknown,PIN_AA21,,,,,
,Unknown,PIN_AB1,,,,,
,Unknown,PIN_AB22,,,,,
,Unknown,PIN_B2,,,,,
,Unknown,PIN_B21,,,,,
,Unknown,PIN_C5,,,,,
,Unknown,PIN_C8,,,,,
,Unknown,PIN_C15,,,,,
,Unknown,PIN_D10,,,,,
,Unknown,PIN_D13,,,,,
,Unknown,PIN_D18,,,,,
,Unknown,PIN_F19,,,,,
,Unknown,PIN_G4,,,,,
,Unknown,PIN_G10,,,,,
,Unknown,PIN_G13,,,,,
,Unknown,PIN_H20,,,,,
,Unknown,PIN_K3,,,,,
,Unknown,PIN_K7,,,,,
,Unknown,PIN_K16,,,,,
,Unknown,PIN_K19,,,,,
,Unknown,PIN_M4,,,,,
,Unknown,PIN_N7,,,,,
,Unknown,PIN_N16,,,,,
,Unknown,PIN_N19,,,,,
,Unknown,PIN_R3,,,,,
,Unknown,PIN_T10,,,,,
,Unknown,PIN_T13,,,,,
,Unknown,PIN_T20,,,,,
,Unknown,PIN_V3,,,,,
,Unknown,PIN_V6,,,,,
,Unknown,PIN_V17,,,,,
,Unknown,PIN_W10,,,,,
,Unknown,PIN_W13,,,,,
,Unknown,PIN_W19,,,,,
,Unknown,PIN_Y8,,,,,
,Unknown,PIN_Y15,,,,,
,Unknown,PIN_G1,,,,,
,Unknown,PIN_G2,,,,,
,Unknown,PIN_H21,,,,,
,Unknown,PIN_H22,,,,,
,Unknown,PIN_J3,,,,,
,Unknown,PIN_J5,,,,,
,Unknown,PIN_J6,,,,,
,Unknown,PIN_J8,,,,,
,Unknown,PIN_J9,,,,,
,Unknown,PIN_K8,,,,,
,Unknown,PIN_K15,,,,,
,Unknown,PIN_K17,,,,,
,Unknown,PIN_K18,,,,,
,Unknown,PIN_L7,,,,,
,Unknown,PIN_L15,,,,,
,Unknown,PIN_L16,,,,,
,Unknown,PIN_L17,,,,,
,Unknown,PIN_M7,,,,,
,Unknown,PIN_M8,,,,,
,Unknown,PIN_M15,,,,,
,Unknown,PIN_M16,,,,,
,Unknown,PIN_N5,,,,,
,Unknown,PIN_N8,,,,,
,Unknown,PIN_P4,,,,,
,Unknown,PIN_P14,,,,,
,Unknown,PIN_P19,,,,,
,Unknown,PIN_P20,,,,,
,Unknown,PIN_P21,,,,,
,Unknown,PIN_P22,,,,,
,Unknown,PIN_R4,,,,,
,Unknown,PIN_W18,,,,,
